Year,Site,NH4,NO3,TDN,DON
2017,ABUR,25.73270665,-9.991496599,NaN,
2017,GOLB,37.29540865,11.9047619,NaN,
2017,MICR,36.5120701,4.676870748,NaN,
2018,ABUR,12.78530645,9.353741497,92.58078231,70.44173437
2018,GOLB,2.248615997,8.078231293,73.02295918,62.69611189
2018,MICR,7.300350361,27.84863946,93.53741497,58.38842515
2019,ABUR,12.82369718,-18.56575964,24.76615646,30.50821892
2019,GOLB,31.31838689,21.96712018,97.4702381,44.18473103
2019,MICR,28.77552518,21.11678005,93.28939909,43.39709387